{
  "chart": {
    "title": "Deaths rates from disasters vs. GDP per capita",
    "subtitle": "Death rates are measured per 100,000 people. Disasters include all geophysical, meteorological and climate events including earthquakes, volcanic activity, landslides, drought, wildfires, storms, and flooding. GDP per capita is adjusted for inflation and differences in living costs between countries.",
    "note": "Deaths from extreme temperatures are not included since very few countries provide these figures; heatwave deaths are predominantly estimated for Europe, with poor coverage of Africa, Asia or South America.",
    "citation": "EM-DAT, CRED / UCLouvain (2024); Population based on various sources (2023); Eurostat, OECD, IMF, and World Bank (2025)",
    "originalChartUrl": "https://ourworldindata.org/grapher/death-rates-disaster-gdp?v=1&csvType=full&useColumnShortNames=false",
    "selection": []
  },
  "columns": {
    "Deaths per 100,000 people - All disasters excluding extreme temperature": {
      "titleShort": "Annual rate of deaths from all disasters excluding extreme temperatures",
      "titleLong": "Annual rate of deaths from all disasters excluding extreme temperatures - EM-DAT",
      "descriptionShort": "Death rate per 100,000 people as a result of a natural disaster.",
      "descriptionKey": [
        "EM-DAT counts deaths as deceased and missing people combined, as a result of a natural disaster.",
        "EM-DAT defines a disaster as a situation or event which overwhelms local capacity, necessitating a request to the national or international level for external assistance; an unforeseen and often sudden event that causes great damage, destruction, and human suffering. Of all EM-DAT disasters, we select geophysical, meteorological, hydrological, and climatological events, which include droughts, earthquakes, extreme temperatures, floods, glacial lake outburst floods, mass movements, extreme weather events, volcanic activity, and wildfires.",
        "Drought is defined as an extended period of unusually low precipitation that produces a shortage of water for people, animals, and plants. Drought is different from most other hazards in that it develops slowly, sometimes even over the years, and its onset is generally difficult to detect.",
        "An earthquake is defined as a sudden movement of a block of the Earth's crust along a geological fault and associated ground shaking. The data includes the impacts of earthquake events, aftershocks and tsunamis.",
        "Extreme temperature is used as a general term for temperature variations above (extreme heat) or below (extreme cold) normal conditions.",
        "Extreme weather events include tornadoes, hailstorms, thunderstorms, sandstorms, blizzards, and extreme wind events.",
        "Flood is used as a general term for the overflow of water from a stream channel onto normally dry land in the floodplain (riverine flooding), higher-than-normal levels along the coast (coastal flooding) and in lakes or reservoirs as well as ponding of water at or near the point where the rain fell (flash floods).",
        "Volcanic activity is defined as any type of volcanic event near an opening/vent in the Earth's surface including volcanic eruptions of lava, ash, hot vapor, gas, and pyroclastic material.",
        "A wildfire is defined as any uncontrolled and non-prescribed combustion or burning of plants in a natural setting such as a forest, grassland, brush land or tundra, which consumes natural fuels and spreads based on environmental conditions (e.g., wind, or topography). Wildfires can be triggered by lightning or human actions.",
        "A dry mass movement is defined as any type of downslope movement of earth materials under hydrological dry conditions.",
        "A wet mass movement is defined as a type of mass movement that occur when heavy rain or rapid snow/ice melt send large amounts of vegetation, mud, or rock down a slope driven by gravitational forces.",
        "Glacial lake outburst floods are defined as those that occur when water held back by a glacier or moraine is suddenly released. Glacial lakes can be at the front of the glacier (marginal lake) or below the ice sheet (sub-glacial lake).",
        "Fog is defined as water droplets that are suspended in the air near the Earth's surface. Fog is simply a cloud that is in contact with the ground. Currently, the only fog disaster recorded in EM-DAT is the Great Smog of London in 1952."
      ],
      "unit": "deaths per 100,000 people",
      "timespan": "1900-2024",
      "type": "Numeric",
      "owidVariableId": 900760,
      "shortName": "total_dead_per_100k_people_all_disasters_excluding_extreme_temperature_yearly",
      "lastUpdated": "2024-04-11",
      "nextUpdate": "2025-11-29",
      "citationShort": "EM-DAT, CRED / UCLouvain (2024); Population based on various sources (2023) – with major processing by Our World in Data",
      "citationLong": "EM-DAT, CRED / UCLouvain (2024); Population based on various sources (2023) – with major processing by Our World in Data. “Annual rate of deaths from all disasters excluding extreme temperatures – EM-DAT” [dataset]. EM-DAT, CRED / UCLouvain, “Natural disasters”; Various sources, “Population” [original data].",
      "fullMetadata": "https://api.ourworldindata.org/v1/indicators/900760.metadata.json"
    },
    "GDP per capita, PPP (constant 2021 international $)": {
      "titleShort": "GDP per capita",
      "titleLong": "GDP per capita - World Bank – In constant international-$",
      "descriptionShort": "Average economic output per person in a country or region per year. This data is adjusted for inflation and differences in living costs between countries.",
      "descriptionKey": [
        "GDP per capita is a comprehensive measure of people's average income. It helps compare income levels across countries and track how they change over time. It is especially useful for understanding trends in economic growth and living standards.",
        "GDP per capita is calculated as the value of all final goods and services produced each year in a country (the [gross domestic product](#dod:gdp)), divided by the population. It represents the average economic output per person.",
        "This indicator shows the large inequality between people in different countries. In the poorest countries, average incomes are below $1,000 per year; in rich countries, they are more than 50 times higher.",
        "This data is expressed in constant international dollars to adjust for inflation and differences in living costs between countries. Read more in our article, [What are international dollars?](https://ourworldindata.org/international-dollars)",
        "This data comes from the World Bank and starts in 1990. For estimates going back several centuries, explore our chart of GDP per capita from the [Maddison Project Database](https://ourworldindata.org/grapher/gdp-per-capita-maddison-project-database)."
      ],
      "shortUnit": "$",
      "unit": "international-$ in 2021 prices",
      "timespan": "1990-2024",
      "type": "Numeric",
      "owidVariableId": 1107059,
      "shortName": "ny_gdp_pcap_pp_kd",
      "lastUpdated": "2025-09-08",
      "nextUpdate": "2026-09-08",
      "citationShort": "Eurostat, OECD, IMF, and World Bank (2025) – with minor processing by Our World in Data",
      "citationLong": "Eurostat, OECD, IMF, and World Bank (2025) – with minor processing by Our World in Data. “GDP per capita – World Bank – In constant international-$” [dataset]. Eurostat, OECD, IMF, and World Bank, “World Development Indicators 122” [original data].",
      "fullMetadata": "https://api.ourworldindata.org/v1/indicators/1107059.metadata.json"
    },
    "World regions according to OWID": {
      "titleShort": "World regions according to OWID",
      "titleLong": "World regions according to OWID",
      "descriptionShort": "Regions defined by Our World in Data, which are used in OWID charts and maps.",
      "unit": "",
      "timespan": "2023-2023",
      "type": "Continent",
      "owidVariableId": 900801,
      "shortName": "owid_region",
      "lastUpdated": "2023-01-01",
      "citationShort": "Our World in Data – processed by Our World in Data",
      "citationLong": "Our World in Data – processed by Our World in Data. “World regions according to OWID” [dataset]. Our World in Data, “Regions” [original data].",
      "fullMetadata": "https://api.ourworldindata.org/v1/indicators/900801.metadata.json"
    }
  },
  "dateDownloaded": "2025-10-29",
  "activeFilters": {}
}